Workbook

Sheet Results
A1: District | B1: Incumbent | C1: Party | D1: Biden | E1: Trump | F1: Margin
A2: AK-AL | B2: Mary Peltola | C2: (D) | D2: 43.00652 | E2: 53.12289 | F2: -10.11637
A3: AL-01 | B3: Jerry Carl | C3: (R) | D3: 35.33698 | E3: 63.63646 | F3: -28.29948
A4: AL-02 | B4: Barry Moore | C4: (R) | D4: 34.78985 | E4: 64.23528 | F4: -29.44543
A5: AL-03 | B5: Mike Rogers | C5: (R) | D5: 32.45139 | E5: 66.56136 | F5: -34.10997
A6: AL-04 | B6: Robert Aderholt | C6: (R) | D6: 18.61475 | E6: 80.41391 | F6: -61.79916
A7: AL-05 | B7: Dale Strong | C7: (R) | D7: 35.6352 | E7: 62.73161 | F7: -27.09641
A8: AL-06 | B8: Gary Palmer | C8: (R) | D8: 34.4488 | E8: 64.35532 | F8: -29.90652
A9: AL-07 | B9: Terri Sewell | C9: (D) | D9: 65.62376 | E9: 33.60224 | F9: 32.02152
A10: AR-01 | B10: Rick Crawford | C10: (R) | D10: 28.0747 | E10: 68.981 | F10: -40.9063
A11: AR-02 | B11: French Hill | C11: (R) | D11: 42.11313 | E11: 55.23764 | F11: -13.12451
A12: AR-03 | B12: Steve Womack | C12: (R) | D12: 36.79273 | E12: 60.20968 | F12: -23.41695
A13: AR-04 | B13: Bruce Westerman | C13: (R) | D13: 31.0016 | E13: 66.24822 | F13: -35.24662
... A436: WY-AL | B436: Harriet Hageman | C436: (R) | D436: 26.72147 | E436: 70.37844 | F436: -43.65697

Sheet Vote totals
A1: District | B1: Incumbent | C1: Party | D1: Biden | E1: Trump | F1: Total | G1: Biden % | H1: Trump %
A2: AK-AL | B2: =VLOOKUP($A2,Results!$A$2:$C$436,2,FALSE) -> Mary Peltola | C2: =VLOOKUP($A2,Results!$A$2:$C$436,3,FALSE) -> (D) | D2: 153778 | E2: 189951 | F2: 357569 | G2: 0.43006525 | H2: 0.53122894
A3: AL-01 | B3: =VLOOKUP($A3,Results!$A$2:$C$436,2,FALSE) -> Jerry Carl | C3: =VLOOKUP($A3,Results!$A$2:$C$436,3,FALSE) -> (R) | D3: 115565.71 | E3: 208116.01 | F3: 327038.97 | G3: 0.35336984 | H3: 0.63636456
A4: AL-02 | B4: =VLOOKUP($A4,Results!$A$2:$C$436,2,FALSE) -> Barry Moore | C4: =VLOOKUP($A4,Results!$A$2:$C$436,3,FALSE) -> (R) | D4: 111263.76 | E4: 205435.16 | F4: 319816.69 | G4: 0.34789854 | H4: 0.64235285
A5: AL-03 | B5: =VLOOKUP($A5,Results!$A$2:$C$436,2,FALSE) -> Mike Rogers | C5: =VLOOKUP($A5,Results!$A$2:$C$436,3,FALSE) -> (R) | D5: 102771.98 | E5: 210796.62 | F5: 316695.19 | G5: 0.32451387 | H5: 0.66561357
A6: AL-04 | B6: =VLOOKUP($A6,Results!$A$2:$C$436,2,FALSE) -> Robert Aderholt | C6: =VLOOKUP($A6,Results!$A$2:$C$436,3,FALSE) -> (R) | D6: 60732.597 | E6: 262358.87 | F6: 326260.57 | G6: 0.18614752 | H6: 0.80413906
A7: AL-05 | B7: =VLOOKUP($A7,Results!$A$2:$C$436,2,FALSE) -> Dale Strong | C7: =VLOOKUP($A7,Results!$A$2:$C$436,3,FALSE) -> (R) | D7: 123032.34 | E7: 216584.05 | F7: 345255.08 | G7: 0.35635201 | H7: 0.62731606
A8: AL-06 | B8: =VLOOKUP($A8,Results!$A$2:$C$436,2,FALSE) -> Gary Palmer | C8: =VLOOKUP($A8,Results!$A$2:$C$436,3,FALSE) -> (R) | D8: 122189.14 | E8: 228266.87 | F8: 354697.78 | G8: 0.34448803 | H8: 0.64355315
A9: AL-07 | B9: =VLOOKUP($A9,Results!$A$2:$C$436,2,FALSE) -> Terri Sewell | C9: =VLOOKUP($A9,Results!$A$2:$C$436,3,FALSE) -> (D) | D9: 214068.48 | E9: 109612.41 | F9: 326205.73 | G9: 0.65623764 | H9: 0.33602235
A10: AR-01 | B10: =VLOOKUP($A10,Results!$A$2:$C$436,2,FALSE) -> Rick Crawford | C10: =VLOOKUP($A10,Results!$A$2:$C$436,3,FALSE) -> (R) | D10: 80516 | E10: 197832 | F10: 286792 | G10: 0.28074702 | H10: 0.68981004
A11: AR-02 | B11: =VLOOKUP($A11,Results!$A$2:$C$436,2,FALSE) -> French Hill | C11: =VLOOKUP($A11,Results!$A$2:$C$436,3,FALSE) -> (R) | D11: 140254 | E11: 183964 | F11: 333041 | G11: 0.42113133 | H11: 0.55237643
A12: AR-03 | B12: =VLOOKUP($A12,Results!$A$2:$C$436,2,FALSE) -> Steve Womack | C12: =VLOOKUP($A12,Results!$A$2:$C$436,3,FALSE) -> (R) | D12: 110479 | E12: 180794 | F12: 300274 | G12: 0.36792729 | H12: 0.60209675
A13: AR-04 | B13: =VLOOKUP($A13,Results!$A$2:$C$436,2,FALSE) -> Bruce Westerman | C13: =VLOOKUP($A13,Results!$A$2:$C$436,3,FALSE) -> (R) | D13: 92683 | E13: 198057 | F13: 298962 | G13: 0.31001599 | H13: 0.66248219
... A436: WY-AL | B436: =VLOOKUP($A436,Results!$A$2:$C$436,2,FALSE) -> Harriet Hageman | C436: =VLOOKUP($A436,Results!$A$2:$C$436,3,FALSE) -> (R) | D436: 73491 | E436: 193559 | F436: 275026 | G436: 0.26721474 | H436: 0.70378437

Sheet Info
A1: See also accompanying post for maps.
A2: For an explanation of our calculation methods, see this post.
A4: All our elections data can be found at dailykosdata.com
A6: We are grateful to jeffmd who created our templates for calculating results by districts.
A8: Citation guide:
A10: Journalists
A11: Please cite us by name, Daily Kos Elections, and website, dailykosdata.com, including a link in online material
A13: Academics
A14: Authors: Jeff Singer, Daniel Donner, Stephen Wolf, and David Nir
A15: Title: Daily Kos Elections 2020 presidential election results for congressional districts used in 2022 elections
A16: Date: 2022
A17: Publisher: Daily Kos Elections
... A21: Corresponding author: davidnir@dailykos.com
